<?xml version="1.0"?>
<doc>
    <assembly>
        <name>Microsoft.Azure.Devices.Provisioning.Transport.Amqp</name>
    </assembly>
    <members>
        <member name="T:Microsoft.Azure.Devices.Provisioning.Client.Transport.ProvisioningTransportHandlerAmqp">
            <summary>
            Represents the AMQP protocol implementation for the Provisioning Transport Handler.
            </summary>
        </member>
        <member name="P:Microsoft.Azure.Devices.Provisioning.Client.Transport.ProvisioningTransportHandlerAmqp.FallbackType">
            <summary>
            The fallback type. This allows direct or WebSocket connections.
            </summary>
        </member>
        <member name="M:Microsoft.Azure.Devices.Provisioning.Client.Transport.ProvisioningTransportHandlerAmqp.#ctor(Microsoft.Azure.Devices.Shared.TransportFallbackType)">
            <summary>
            Creates an instance of the ProvisioningTransportHandlerAmqp class using the specified fallback type.
            </summary>
            <param name="transportFallbackType">The fallback type allowing direct or WebSocket connections.</param>
        </member>
        <member name="M:Microsoft.Azure.Devices.Provisioning.Client.Transport.ProvisioningTransportHandlerAmqp.RegisterAsync(Microsoft.Azure.Devices.Provisioning.Client.Transport.ProvisioningTransportRegisterMessage,System.Threading.CancellationToken)">
            <summary>
            Registers a device described by the message.
            </summary>
            <param name="message">The provisioning message.</param>
            <param name="cancellationToken">The cancellation token.</param>
            <returns>The registration result.</returns>
        </member>
        <member name="T:Microsoft.Azure.Devices.Provisioning.Client.Transport.Models.DeviceRegistrationResult">
            <summary>
            Device registration result.
            </summary>
        </member>
        <member name="P:Microsoft.Azure.Devices.Provisioning.Client.Transport.Models.DeviceRegistrationResult.Tpm">
            <summary>
            </summary>
        </member>
        <member name="P:Microsoft.Azure.Devices.Provisioning.Client.Transport.Models.DeviceRegistrationResult.X509">
            <summary>
            </summary>
        </member>
        <member name="P:Microsoft.Azure.Devices.Provisioning.Client.Transport.Models.DeviceRegistrationResult.RegistrationId">
            <summary>
            </summary>
        </member>
        <member name="P:Microsoft.Azure.Devices.Provisioning.Client.Transport.Models.DeviceRegistrationResult.CreatedDateTimeUtc">
            <summary>
            </summary>
        </member>
        <member name="P:Microsoft.Azure.Devices.Provisioning.Client.Transport.Models.DeviceRegistrationResult.AssignedHub">
            <summary>
            </summary>
        </member>
        <member name="P:Microsoft.Azure.Devices.Provisioning.Client.Transport.Models.DeviceRegistrationResult.DeviceId">
            <summary>
            </summary>
        </member>
        <member name="P:Microsoft.Azure.Devices.Provisioning.Client.Transport.Models.DeviceRegistrationResult.Status">
            <summary>
            Gets or sets possible values include: 'unassigned', 'assigning',
            'assigned', 'failed', 'disabled'
            </summary>
        </member>
        <member name="P:Microsoft.Azure.Devices.Provisioning.Client.Transport.Models.DeviceRegistrationResult.GenerationId">
            <summary>
            </summary>
        </member>
        <member name="P:Microsoft.Azure.Devices.Provisioning.Client.Transport.Models.DeviceRegistrationResult.LastUpdatedDateTimeUtc">
            <summary>
            </summary>
        </member>
        <member name="P:Microsoft.Azure.Devices.Provisioning.Client.Transport.Models.DeviceRegistrationResult.ErrorCode">
            <summary>
            </summary>
        </member>
        <member name="P:Microsoft.Azure.Devices.Provisioning.Client.Transport.Models.DeviceRegistrationResult.ErrorMessage">
            <summary>
            </summary>
        </member>
        <member name="P:Microsoft.Azure.Devices.Provisioning.Client.Transport.Models.DeviceRegistrationResult.Etag">
            <summary>
            </summary>
        </member>
        <member name="T:Microsoft.Azure.Devices.Provisioning.Client.Transport.Models.RegistrationOperationStatus">
            <summary>
            Registration operation status.
            </summary>
        </member>
        <member name="M:Microsoft.Azure.Devices.Provisioning.Client.Transport.Models.RegistrationOperationStatus.#ctor">
            <summary>
            Initializes a new instance of the RegistrationOperationStatus
            class.
            </summary>
        </member>
        <member name="M:Microsoft.Azure.Devices.Provisioning.Client.Transport.Models.RegistrationOperationStatus.#ctor(System.String,System.String,Microsoft.Azure.Devices.Provisioning.Client.Transport.Models.DeviceRegistrationResult)">
            <summary>
            Initializes a new instance of the RegistrationOperationStatus
            class.
            </summary>
            <param name="operationId">Operation ID.</param>
            <param name="status">Device enrollment status. Possible values
            include: 'unassigned', 'assigning', 'assigned', 'failed',
            'disabled'</param>
            <param name="registrationState">Device registration
            status.</param>
        </member>
        <member name="P:Microsoft.Azure.Devices.Provisioning.Client.Transport.Models.RegistrationOperationStatus.OperationId">
            <summary>
            Gets or sets operation ID.
            </summary>
        </member>
        <member name="P:Microsoft.Azure.Devices.Provisioning.Client.Transport.Models.RegistrationOperationStatus.Status">
            <summary>
            Gets or sets device enrollment status. Possible values include:
            'unassigned', 'assigning', 'assigned', 'failed', 'disabled'
            </summary>
        </member>
        <member name="P:Microsoft.Azure.Devices.Provisioning.Client.Transport.Models.RegistrationOperationStatus.RegistrationState">
            <summary>
            Gets or sets device registration status.
            </summary>
        </member>
        <member name="P:Microsoft.Azure.Devices.Provisioning.Client.Transport.Models.RegistrationOperationStatus.RetryAfter">
            <summary>
            Gets or sets the Retry-After header.
            </summary>
        </member>
        <member name="T:Microsoft.Azure.Devices.Provisioning.Client.Transport.Models.TpmRegistrationResult">
            <summary>
            TPM registration result.
            </summary>
        </member>
        <member name="M:Microsoft.Azure.Devices.Provisioning.Client.Transport.Models.TpmRegistrationResult.#ctor">
            <summary>
            Initializes a new instance of the TpmRegistrationResult class.
            </summary>
        </member>
        <member name="M:Microsoft.Azure.Devices.Provisioning.Client.Transport.Models.TpmRegistrationResult.#ctor(System.String)">
            <summary>
            Initializes a new instance of the TpmRegistrationResult class.
            </summary>
        </member>
        <member name="P:Microsoft.Azure.Devices.Provisioning.Client.Transport.Models.TpmRegistrationResult.AuthenticationKey">
            <summary>
            </summary>
        </member>
        <member name="T:Microsoft.Azure.Devices.Provisioning.Client.Transport.Models.X509CertificateInfo">
            <summary>
            X509 certificate info.
            </summary>
        </member>
        <member name="M:Microsoft.Azure.Devices.Provisioning.Client.Transport.Models.X509CertificateInfo.#ctor">
            <summary>
            Initializes a new instance of the X509CertificateInfo class.
            </summary>
        </member>
        <member name="M:Microsoft.Azure.Devices.Provisioning.Client.Transport.Models.X509CertificateInfo.#ctor(System.String,System.String,System.String,System.String,System.Nullable{System.DateTime},System.Nullable{System.DateTime},System.String,System.Nullable{System.Int32})">
            <summary>
            Initializes a new instance of the X509CertificateInfo class.
            </summary>
        </member>
        <member name="P:Microsoft.Azure.Devices.Provisioning.Client.Transport.Models.X509CertificateInfo.SubjectName">
            <summary>
            </summary>
        </member>
        <member name="P:Microsoft.Azure.Devices.Provisioning.Client.Transport.Models.X509CertificateInfo.Sha1Thumbprint">
            <summary>
            </summary>
        </member>
        <member name="P:Microsoft.Azure.Devices.Provisioning.Client.Transport.Models.X509CertificateInfo.Sha256Thumbprint">
            <summary>
            </summary>
        </member>
        <member name="P:Microsoft.Azure.Devices.Provisioning.Client.Transport.Models.X509CertificateInfo.IssuerName">
            <summary>
            </summary>
        </member>
        <member name="P:Microsoft.Azure.Devices.Provisioning.Client.Transport.Models.X509CertificateInfo.NotBeforeUtc">
            <summary>
            </summary>
        </member>
        <member name="P:Microsoft.Azure.Devices.Provisioning.Client.Transport.Models.X509CertificateInfo.NotAfterUtc">
            <summary>
            </summary>
        </member>
        <member name="P:Microsoft.Azure.Devices.Provisioning.Client.Transport.Models.X509CertificateInfo.SerialNumber">
            <summary>
            </summary>
        </member>
        <member name="P:Microsoft.Azure.Devices.Provisioning.Client.Transport.Models.X509CertificateInfo.Version">
            <summary>
            </summary>
        </member>
        <member name="T:Microsoft.Azure.Devices.Provisioning.Client.Transport.Models.X509RegistrationResult">
            <summary>
            X509 registration result.
            </summary>
        </member>
        <member name="M:Microsoft.Azure.Devices.Provisioning.Client.Transport.Models.X509RegistrationResult.#ctor">
            <summary>
            Initializes a new instance of the X509RegistrationResult class.
            </summary>
        </member>
        <member name="M:Microsoft.Azure.Devices.Provisioning.Client.Transport.Models.X509RegistrationResult.#ctor(Microsoft.Azure.Devices.Provisioning.Client.Transport.Models.X509CertificateInfo,System.String,Microsoft.Azure.Devices.Provisioning.Client.Transport.Models.X509CertificateInfo)">
            <summary>
            Initializes a new instance of the X509RegistrationResult class.
            </summary>
        </member>
        <member name="P:Microsoft.Azure.Devices.Provisioning.Client.Transport.Models.X509RegistrationResult.CertificateInfo">
            <summary>
            </summary>
        </member>
        <member name="P:Microsoft.Azure.Devices.Provisioning.Client.Transport.Models.X509RegistrationResult.EnrollmentGroupId">
            <summary>
            </summary>
        </member>
        <member name="P:Microsoft.Azure.Devices.Provisioning.Client.Transport.Models.X509RegistrationResult.SigningCertificateInfo">
            <summary>
            </summary>
        </member>
        <member name="T:Microsoft.Azure.Devices.Provisioning.Client.ProvisioningErrorDetails">
            <summary>
            Provisioning error details.
            </summary>
        </member>
        <member name="P:Microsoft.Azure.Devices.Provisioning.Client.ProvisioningErrorDetails.ErrorCode">
            <summary>
            Error code.
            </summary>
        </member>
        <member name="P:Microsoft.Azure.Devices.Provisioning.Client.ProvisioningErrorDetails.TrackingId">
            <summary>
            Correlation ID.
            </summary>
        </member>
        <member name="P:Microsoft.Azure.Devices.Provisioning.Client.ProvisioningErrorDetails.Message">
            <summary>
            Error message.
            </summary>
        </member>
        <member name="P:Microsoft.Azure.Devices.Provisioning.Client.ProvisioningErrorDetails.Info">
            <summary>
            Additional information.
            </summary>
        </member>
        <member name="P:Microsoft.Azure.Devices.Provisioning.Client.ProvisioningErrorDetails.TimestampUtc">
            <summary>
            Time stamp (in UTC).
            </summary>
        </member>
        <member name="F:Microsoft.Azure.Devices.Shared.Logging.Log">
            <summary>The single event source instance to use for all logging.</summary>
        </member>
        <member name="M:Microsoft.Azure.Devices.Shared.Logging.Enter(System.Object,System.FormattableString,System.String)">
            <summary>Logs entrance to a method.</summary>
            <param name="thisOrContextObject">`this`, or another object that serves to provide context for the operation.</param>
            <param name="formattableString">A description of the entrance, including any arguments to the call.</param>
            <param name="memberName">The calling member.</param>
        </member>
        <member name="M:Microsoft.Azure.Devices.Shared.Logging.Enter(System.Object,System.Object,System.String)">
            <summary>Logs entrance to a method.</summary>
            <param name="thisOrContextObject">`this`, or another object that serves to provide context for the operation.</param>
            <param name="arg0">The object to log.</param>
            <param name="memberName">The calling member.</param>
        </member>
        <member name="M:Microsoft.Azure.Devices.Shared.Logging.Enter(System.Object,System.Object,System.Object,System.String)">
            <summary>Logs entrance to a method.</summary>
            <param name="thisOrContextObject">`this`, or another object that serves to provide context for the operation.</param>
            <param name="arg0">The first object to log.</param>
            <param name="arg1">The second object to log.</param>
            <param name="memberName">The calling member.</param>
        </member>
        <member name="M:Microsoft.Azure.Devices.Shared.Logging.Enter(System.Object,System.Object,System.Object,System.Object,System.String)">
            <summary>Logs entrance to a method.</summary>
            <param name="thisOrContextObject">`this`, or another object that serves to provide context for the operation.</param>
            <param name="arg0">The first object to log.</param>
            <param name="arg1">The second object to log.</param>
            <param name="arg2">The third object to log.</param>
            <param name="memberName">The calling member.</param>
        </member>
        <member name="M:Microsoft.Azure.Devices.Shared.Logging.Exit(System.Object,System.FormattableString,System.String)">
            <summary>Logs exit from a method.</summary>
            <param name="thisOrContextObject">`this`, or another object that serves to provide context for the operation.</param>
            <param name="formattableString">A description of the exit operation, including any return values.</param>
            <param name="memberName">The calling member.</param>
        </member>
        <member name="M:Microsoft.Azure.Devices.Shared.Logging.Exit(System.Object,System.Object,System.String)">
            <summary>Logs exit from a method.</summary>
            <param name="thisOrContextObject">`this`, or another object that serves to provide context for the operation.</param>
            <param name="arg0">A return value from the member.</param>
            <param name="memberName">The calling member.</param>
        </member>
        <member name="M:Microsoft.Azure.Devices.Shared.Logging.Exit(System.Object,System.Object,System.Object,System.String)">
            <summary>Logs exit from a method.</summary>
            <param name="thisOrContextObject">`this`, or another object that serves to provide context for the operation.</param>
            <param name="arg0">A return value from the member.</param>
            <param name="arg1">A second return value from the member.</param>
            <param name="memberName">The calling member.</param>
        </member>
        <member name="M:Microsoft.Azure.Devices.Shared.Logging.Info(System.Object,System.FormattableString,System.String)">
            <summary>Logs an information message.</summary>
            <param name="thisOrContextObject">`this`, or another object that serves to provide context for the operation.</param>
            <param name="formattableString">The message to be logged.</param>
            <param name="memberName">The calling member.</param>
        </member>
        <member name="M:Microsoft.Azure.Devices.Shared.Logging.Info(System.Object,System.Object,System.String)">
            <summary>Logs an information message.</summary>
            <param name="thisOrContextObject">`this`, or another object that serves to provide context for the operation.</param>
            <param name="message">The message to be logged.</param>
            <param name="memberName">The calling member.</param>
        </member>
        <member name="M:Microsoft.Azure.Devices.Shared.Logging.Error(System.Object,System.FormattableString,System.String)">
            <summary>Logs an error message.</summary>
            <param name="thisOrContextObject">`this`, or another object that serves to provide context for the operation.</param>
            <param name="formattableString">The message to be logged.</param>
            <param name="memberName">The calling member.</param>
        </member>
        <member name="M:Microsoft.Azure.Devices.Shared.Logging.Error(System.Object,System.Object,System.String)">
            <summary>Logs an error message.</summary>
            <param name="thisOrContextObject">`this`, or another object that serves to provide context for the operation.</param>
            <param name="message">The message to be logged.</param>
            <param name="memberName">The calling member.</param>
        </member>
        <member name="M:Microsoft.Azure.Devices.Shared.Logging.Fail(System.Object,System.FormattableString,System.String)">
            <summary>Logs a fatal error and raises an assert.</summary>
            <param name="thisOrContextObject">`this`, or another object that serves to provide context for the operation.</param>
            <param name="formattableString">The message to be logged.</param>
            <param name="memberName">The calling member.</param>
        </member>
        <member name="M:Microsoft.Azure.Devices.Shared.Logging.Fail(System.Object,System.Object,System.String)">
            <summary>Logs a fatal error and raises an assert.</summary>
            <param name="thisOrContextObject">`this`, or another object that serves to provide context for the operation.</param>
            <param name="message">The message to be logged.</param>
            <param name="memberName">The calling member.</param>
        </member>
        <member name="M:Microsoft.Azure.Devices.Shared.Logging.DumpBuffer(System.Object,System.Byte[],System.String)">
            <summary>Logs the contents of a buffer.</summary>
            <param name="thisOrContextObject">`this`, or another object that serves to provide context for the operation.</param>
            <param name="buffer">The buffer to be logged.</param>
            <param name="memberName">The calling member.</param>
        </member>
        <member name="M:Microsoft.Azure.Devices.Shared.Logging.DumpBuffer(System.Object,System.Byte[],System.Int32,System.Int32,System.String)">
            <summary>Logs the contents of a buffer.</summary>
            <param name="thisOrContextObject">`this`, or another object that serves to provide context for the operation.</param>
            <param name="buffer">The buffer to be logged.</param>
            <param name="offset">The starting offset from which to log.</param>
            <param name="count">The number of bytes to log.</param>
            <param name="memberName">The calling member.</param>
        </member>
        <member name="M:Microsoft.Azure.Devices.Shared.Logging.DumpBuffer(System.Object,System.IntPtr,System.Int32,System.String)">
            <summary>Logs the contents of a buffer.</summary>
            <param name="thisOrContextObject">`this`, or another object that serves to provide context for the operation.</param>
            <param name="bufferPtr">The starting location of the buffer to be logged.</param>
            <param name="count">The number of bytes to log.</param>
            <param name="memberName">The calling member.</param>
        </member>
        <member name="M:Microsoft.Azure.Devices.Shared.Logging.Associate(System.Object,System.Object,System.String)">
            <summary>Logs a relationship between two objects.</summary>
            <param name="first">The first object.</param>
            <param name="second">The second object.</param>
            <param name="memberName">The calling member.</param>
        </member>
        <member name="M:Microsoft.Azure.Devices.Shared.Logging.Associate(System.Object,System.Object,System.Object,System.String)">
            <summary>Logs a relationship between two objects.</summary>
            <param name="thisOrContextObject">`this`, or another object that serves to provide context for the operation.</param>
            <param name="first">The first object.</param>
            <param name="second">The second object.</param>
            <param name="memberName">The calling member.</param>
        </member>
    </members>
</doc>
